IP_Address,Timestamp
192.168.1.2,20/3/25 14:17
192.168.1.13,8/4/25 19:02
220.30.100.114,22/3/25 4:11
220.30.100.51,2/4/25 7:31
30.40.199.164,31/3/25 23:14
192.168.1.199,29/3/25 12:12
220.30.100.30,25/3/25 22:54
220.30.100.223,16/4/25 3:27
220.30.100.161,11/4/25 14:15
220.30.100.7,13/4/25 9:45
30.40.192.125,12/4/25 1:36
192.168.1.237,20/3/25 21:57
192.168.1.208,5/4/25 4:23
220.30.100.78,13/4/25 9:14
30.40.29.4,25/3/25 9:34
30.40.68.234,15/4/25 22:10
192.168.1.49,9/4/25 9:00
30.40.35.27,24/3/25 23:18
30.40.202.211,23/3/25 8:25
192.168.1.127,29/3/25 12:52
220.30.100.243,3/4/25 0:20
192.168.1.193,27/3/25 3:24
30.40.133.154,27/3/25 1:00
220.30.100.91,14/4/25 5:45
220.30.100.27,1/4/25 2:12
220.30.100.153,22/3/25 18:30
192.168.1.125,13/4/25 12:13
192.168.1.135,20/3/25 2:32
192.168.1.125,26/3/25 16:39
30.40.152.173,18/3/25 21:34
30.40.81.52,19/3/25 21:34
192.168.1.72,31/3/25 13:12
220.30.100.50,18/3/25 6:56
192.168.1.53,25/3/25 21:20
192.168.1.222,30/3/25 6:47
30.40.3.178,1/4/25 9:16
220.30.100.27,10/4/25 23:18
30.40.11.130,10/4/25 8:43
192.168.1.134,31/3/25 9:23
30.40.22.221,24/3/25 10:13
192.168.1.48,8/4/25 12:14
220.30.100.203,11/4/25 13:43
220.30.100.151,24/3/25 14:00
192.168.1.98,7/4/25 2:23
30.40.53.85,26/3/25 2:16
220.30.100.238,27/3/25 19:01
30.40.199.121,8/4/25 9:48
30.40.230.32,13/4/25 4:18
30.40.231.156,12/4/25 16:40
192.168.1.149,29/3/25 3:52
220.30.100.180,11/4/25 8:24
192.168.1.8,18/3/25 3:53
30.40.124.36,4/4/25 19:05
30.40.220.25,9/4/25 4:00
220.30.100.208,8/4/25 10:07
220.30.100.229,11/4/25 13:36
220.30.100.55,9/4/25 18:04
220.30.100.111,31/3/25 22:37
220.30.100.154,2/4/25 7:13
192.168.1.123,19/3/25 7:22
220.30.100.229,21/3/25 19:30
220.30.100.71,14/4/25 14:31
192.168.1.213,4/4/25 20:39
220.30.100.227,29/3/25 5:12
192.168.1.240,6/4/25 17:59
192.168.1.6,12/4/25 11:52
192.168.1.34,2/4/25 9:43
192.168.1.3,2/4/25 20:32
192.168.1.139,30/3/25 0:29
192.168.1.29,21/3/25 13:06
30.40.33.64,19/3/25 1:29
220.30.100.91,30/3/25 3:14
30.40.170.140,13/4/25 2:27
220.30.100.127,18/3/25 16:50
30.40.139.182,4/4/25 18:18
30.40.80.57,27/3/25 19:04
192.168.1.254,29/3/25 23:44
30.40.74.129,15/4/25 2:40
30.40.221.226,15/4/25 16:25
192.168.1.68,28/3/25 18:10
220.30.100.2,1/4/25 7:43
192.168.1.59,6/4/25 3:29
220.30.100.239,8/4/25 0:51
192.168.1.135,9/4/25 14:24
30.40.59.57,6/4/25 12:00
192.168.1.165,1/4/25 16:17
30.40.171.53,2/4/25 13:01
220.30.100.209,6/4/25 16:14
220.30.100.2,22/3/25 2:27
192.168.1.112,15/4/25 14:51
192.168.1.122,27/3/25 4:17
192.168.1.247,9/4/25 13:06
220.30.100.74,31/3/25 13:10
30.40.95.150,3/4/25 16:18
220.30.100.179,28/3/25 5:26
192.168.1.120,11/4/25 3:41
30.40.176.232,2/4/25 5:13
192.168.1.42,7/4/25 23:44
220.30.100.69,14/4/25 0:03
192.168.1.88,16/4/25 1:51